Feature,Importance
last5,0.4916760740420394
past_avg,0.20476762390224093
Course_enc,0.09686292263749867
Week,0.07272494922575214
last10,0.061217549229535095
Time_enc,0.04120762535993804
Day_enc,0.031543255602995875
